{"cameraMode":{"drawMode":0,"name":"Shaded","section":"Shading Mode"},"sceneLighting":true,"audioPlay":false,"sceneViewState":{"showFog":true,"showMaterialUpdate":false,"showSkybox":false,"showFlares":true,"showImageEffects":true,"showParticleSystems":true},"in2DMode":false,"pivot":{"x":5.33395528793335,"y":7.538970470428467,"z":1.8236830234527588},"rotation":{"x":0.10266410559415817,"y":0.7535557150840759,"z":-0.12301215529441834,"w":0.638588011264801},"size":0.5194410085678101,"orthographic":false}