{"cameraMode":{"drawMode":0,"name":"Shaded","section":"Shading Mode"},"sceneLighting":true,"audioPlay":false,"sceneViewState":{"showFog":true,"showMaterialUpdate":false,"showSkybox":false,"showFlares":true,"showImageEffects":true,"showParticleSystems":true},"in2DMode":false,"pivot":{"x":279.4570617675781,"y":161.20523071289063,"z":0.2918701171875},"rotation":{"x":0.018317606300115587,"y":0.002497659996151924,"z":-0.00023043592227622867,"w":1.000476360321045},"size":431.0314636230469,"orthographic":false}