{"cameraMode":{"drawMode":0,"name":"Shaded","section":"Shading Mode"},"sceneLighting":true,"audioPlay":false,"sceneViewState":{"showFog":true,"showMaterialUpdate":false,"showSkybox":false,"showFlares":true,"showImageEffects":true,"showParticleSystems":true},"in2DMode":false,"pivot":{"x":-18.31158447265625,"y":3.7779998779296877,"z":-0.5600003600120544},"rotation":{"x":-0.006689624395221472,"y":0.9913509488105774,"z":-0.12587577104568482,"w":-0.051280636340379718},"size":6.126430034637451,"orthographic":false}